English Title,Chinese Title,Overview,Extracted_English_Title,Translation_Reason
Ne Zha 2,哪吒之魔童闹海,"After a catastrophic event leaves their bodies destroyed, Ne Zha and Ao Bing are granted a fragile second chance at life. As tensions rise between the dragon clans and celestial forces, the two must undergo a series of perilous trials that will test their bond, challenge their identities, and decide the fate of both mortals and immortals.",The Mischievous Sea Demon,"我选择了这个译名是因为它保留了原片名中""哪吒""和""魔童""的核心元素，强调了片中主角的神话背景和顽皮的性格。同时，""海""的加入使得译名更具具体性和故事的背景感。"
Ne Zha,哪吒之魔童降世,"A young boy is born as the reincarnation of a demonic power, into a society that hates and fears him. Destined by prophecy to bring destruction to the world, Nezha must choose between good and evil to see if he can change his fate.",The Reincarnation of Chaos,"我选择了 ""The Reincarnation of Chaos"" 作为翻译，因为它保留了原片名中 ""哪吒"" 的文化意涵，指向了中国神话中那吒的性格和力量，而 ""Chaos"" 则代表了那吒的魔力和破坏性。"
Creation of the Gods II: Demon Force,封神第二部：战火西岐,"Taishi Wen Zhong led the army of Shang Dynasty including Deng Chanyu and four generals of the Mo Family to Xiqi. With the help of Kunlun immortals such as Jiang Ziya, Ji Fa led the army and civilians of Xiqi to defend their homeland.",Battle for the Western Plains,"我选择了这个译名是因为它保留了原片名中""战火""和""西岐""的关键元素，体现了电影的背景和主题。""Battle for the Western Plains""在英文语境中听起来自然流畅，能够让观众了解电影的内容和文化背景。"
Legends of the Condor Heroes: The Gallants,射雕英雄传：侠之大者,"Under Genghis Khan, the Mongolian army pushes west to destroy the Jin Dynasty, setting its sights on the Song Dynasty next. Amid internal conflicts among martial arts schools, Guo Jing unites the Central Plains' warriors to defend Xiangyang, embodying courage and loyalty in the fight for the nation.",The Hero of the Flying Daggers: The Ultimate Chivalry,"我将片名翻译为 ""The Hero of the Flying Daggers"" 以保留原片名中的 ""射雕"" 这个动作词，暗示了飞刀的高超技巧和英雄的勇猛。""The Ultimate Chivalry"" 一词则强调了片名中的 ""侠之大者"" 的意涵，表达了对侠义精神的追求和赞美。"
Dead to Rights,南京照相馆,"In the Nanjing Massacre of 1937, in order to save his life, postman A Chang pretended to be a photo developer in a photo studio and developed photos for the Japanese army. He also took in a group of Chinese soldiers and civilians, turning the studio into a temporary shelter. However, in the face of the Japanese army's cruel atrocities, A Chang risked his life to safely transfer the refugees and exposed the evidence of the massacre to the public.","""Fading Light of Nanjing""","我选择了这个译名是因为它保留了原片名中的""南京""这一关键元素，同时也体现了电影中的人物在面对日本军队的残酷暴行时所表现出的勇气和牺牲精神。""Fading Light"" 这个词也暗示了电影中的人物在黑暗中寻求光明的努力和希望。"
Detective Dee: The Four Heavenly Kings,狄仁杰之四大天王,"Dee, the detective serving Chinese empress Wu Zetian, is called upon to investigate a series of strange events in Loyang, including the appearance of mysterious warriors wearing Chiyou ghost masks, foxes that speak human language and the pillar sculptures in the palace coming alive.",The Four Heavenly Kings of Loyang,"我选择了这个译名是因为它保留了原片名中的""四大天王""这一关键元素，同时将其置于背景中更具体的城市Loyang，这样既能体现原片名的文化意涵，又能在英文语境中流畅自然。"
Curse of the Golden Flower,滿城盡帶黃金甲,"During China's Tang dynasty the emperor has taken the princess of a neighboring province as his wife. She has borne him two sons and raised his eldest. Now his control over his dominion is complete, including the royal family itself.",Golden Armor Across the Empire,"我选择了这个译名是因为它保留了原片名中的""黄金甲""这一关键元素，同时将其置于一个更广泛的历史背景中，强调了电影的历史和政治主题。""满城""被翻译为""Across the Empire""，以突出电影的宏大背景和皇权的统治。"
Saving General Yang,忠烈楊家將,"When a rival nation sends troops to invade the Song Dynasty, the emperor sends general Yang Ye (Adam Cheng) to defend the nation. However, Yang's place in the court is shaky due to a feud with Pan Renmei caused by the accidental death of his son at the hands of one of Yang's sons. At the battle, Yang is abandoned by Pan's troops, leaving him trapped in the face of an attack by Yeli Yuan (Shao Bing), an enemy general who wants to kill Yang to avenge his father. After learning about their father's predicament, Yang Ye's seven sons set out to rescue their father at any cost.",The Unyielding Yang Family Heroes,"我选择了这个译名是因为它保留了原片名中的""杨家将""这一核心元素，同时将其与""忠烈""这一形容词结合起来，强调了杨家将的忠诚和英勇。这个译名在英文语境中自然流畅，并能体现原片名中蕴含的中国文化元素。"
Oolong Courtyard: Kung Fu School,新乌龙院之笑闹江湖,Apprentices at the Oolong Courtyard school are suspicious when two outsiders try to join the prestigious academy despite their strange behaviour.,Mischief in the Martial World,"我将片名翻译为""Mischief in the Martial World""，因为这句话既能体现原片名中""笑闹""的幽默和喜剧元素，又能结合中国文化背景中的""江湖""，指代武术和道德世界。这种翻译方式既自然流畅，又能体现原片名的文化意涵。"
Creation of the Gods I: Kingdom of Storms,封神第一部：朝歌风云,"Based on the most well-known classical fantasy novel of China, Fengshenyanyi, the trilogy is a magnificent eastern high fantasy epic that recreates the prolonged mythical wars between humans, immortals and monsters, which happened more than three thousand years ago.",The Legend of the Gods: The Storm of Yingzhou,"我选择了 ""The Legend of the Gods"" 来保留原片名中的 ""封神"" 这个词，强调了电影的神话主题。""The Storm of Yingzhou"" 来自于中国古典文学中的 ""朝歌""，这是一座神话中的城市，通过这个译名，我试图捕捉到原片名中的文化意涵和神话元素。"
The Founding of an Army,建军大业,The Founding of an Army is a 2017 Chinese film commissioned by China's government to commemorate the 90th anniversary of the founding of the People's Liberation Army.,The Birth of a Legend,"我选择了 ""The Birth of a Legend"" 来翻译 ""建军大业""，因为这句话既体现了电影的主题（军队的成立），又强调了军队的传奇性和历史意义。这种翻译方式能够在英文语境中自然流畅地传达出原片名的文化意涵。"
The Taking of Tiger Mountain,智取威虎山,"Yang Zirong disguises himself as a bandit to infiltrate and destroy a bandit group. He joins hands with a hostage, and together, they fight against the warlord, Hawk.","""Mountain of Fury""","我选择了这个译名是因为它保留了原片名中""威虎山""的强烈战斗气氛和中国文化中的""虎""象征，暗示了片中激烈的战斗和对抗。同时，""Mountain of Fury""在英文语境中听起来也很自然流畅，能让人快速理解片名的含义。"
The Monkey King 3,西游记·女儿国,"The Monkey King and his friends try to break free from a ruler that takes them hostage. However, their exploits provoke the anger of a deity that decides to punish them for their actions.",The Monkey King's Journey to the Land of Women,"我选择了这个译名是因为它保留了原片名中的""西游记""这一关键元素，表明了这部电影的背景和故事线索。同时，""女儿国""被翻译为""Land of Women""，这不仅仅是简单的直译，而是将其理解为一个象征性的地方，强调了女性的重要性和角色，这与原片名的文化意涵相符。"
The Queen,封神：妲己,"The nine-tailed queen of the fox tribe is graceful and beautiful, but unfortunately, she fell into the hands of Yuan Hong, the boss of the seven monkey monsters of Meishan. She was rescued by Jiang Ziya, but Jiang Ziya also cut off one of her tails. The desperate Nine Tails, under the guidance of Empress Nuwa, posessed Daji and became the daughter of Ho Suhu in Jizhou. Before long, King Zhou led an army to attack Jizhou, to thank her father, Da Jihu went into battle by herself, but was captured by King Zhou. The two talked about the way of war by the river. Daji's insights deeply convinced King Zhou and he fell in love with her. That night King Zhou asked Suhu for the permission to marry Daji, and Daji became the empress of the Shang Dynasty, yet, that's when the chaos in the world world began.",The Fox's Descent into Chaos,"我选择了这个译名是因为它保留了原片名中关于妲己的九尾狐的特征，同时也体现了她从美丽到陷入混乱的故事线。""封神""一词通常指的是中国神话中封神榜的故事，这里我将其转化为""Descent into Chaos""，表示妲己从美丽到陷入混乱的过程。"
Beginning of the Great Revival,建党伟业,A chronicle of the events that led to the founding of the Chinese Communist Party.,The Founding of a Legend,"我选择了 ""The Founding of a Legend"" 来翻译 ""建党伟业""，因为这句话既体现了电影的主题（中国共产党的成立），又隐含了对毛泽东的尊敬和赞颂（""伟业"" 是对毛泽东的称呼）。这句话在英文语境中自然流畅，并能体现原片名的文化意涵。"
King of the New Beggars,武状元苏乞儿之天降神谕,"The last days of the Qing Dynasty. The capital officials are confident that the reign can collapse at any moment. After a series of mysterious deaths of court ministers, the Emperor decides to conduct a sacred ritual of cleansing the heavens. At the same time, he instructs the only miraculously surviving minister Fucha Yuheng to find the killer and punish him. Fucha turns for help to his friend - Crazy So. King of Beggars .",The Heavenly Mandate of the Last Emperor,"我选择了这个译名是因为它保留了原片名中的""天降""和""神谕""，这两个词语在中国文化中具有重要的象征意义，代表着天命和皇权的意志。同时，添加了""Last Emperor""来强调电影的背景和主题，即清朝末年的皇权危机。"
Shaolin Temple Death or Consequence,武僧,"Martial arts action film Wu Seng was made in commemoration of the 25th anniversary of Jet Li classic The Shaolin Temple. Set in the 14th century during the early years of the Ming Dynasty, Wu Seng stars Hong Kong action star Terry Fan Siu Wong as Shaolin-trained general Yang Wu. After Yongle usurped the throne from Emperor Jianwen, loyal general Yang Wu secretly rescued child prince Zhu Wenkui and placed him in the care of the Wenchang Temple. Ten years later, Wenkui has grown up to be a strong, young man and Yang Wu is ready to put his plans to overthrow Yongle into action. When the Emperor discovers the plot, however, he sends an army of assassins after Yang Wu and Wenkui. They flee to Dafo Temple where Yang and the temple's monks make their final stand against the emperor's men.",Shaolin Warrior,"我选择了 ""Shaolin Warrior"" 作为翻译，因为它保留了原片名中的 ""武僧"" 这个词的核心含义，即指的是武术高手或是修行于少林寺的僧侣。同时，这个译名也能体现出电影的背景和主题，即少林寺的武僧在抵抗暴政的故事。"
Detective Dee and the Mystery of the Phantom Flame,狄仁傑之通天帝國,"When the future empress Wu Zetian's two courtiers die in a mysterious fire, she gets Di Renjie, a former detective and rebel, released from prison to solve the mystery of the fire.",The Emperor's Shadow,"我选择了 ""The Emperor's Shadow"" 作为翻译，因为它保留了原片名中 ""通天帝國"" 的皇权和权力意涵，同时也隐含了 ""狄仁傑"" 的身后和追踪的暗示。"
Records of East China Sea,东海异闻录,"In Ruoxi Ho's time, evil forces are rampant on the island of Palm Wild, where tens of thousands of Tian clansmen live. When Lin Yu (Liu Yanchen), a ranger, learns of this, he decides to return to the island to quell the turmoil and save the Tian clan, to whom he owes a debt of gratitude. On the way, Lin Yu meets a mysterious woman named Yu Lu (Shen Yu), whose identity is unknown.",,我选择了这个翻译是因为它保留了原片名的东海元素，同时将异闻录（ Strange Tales）翻译为一个更通俗易懂的词汇，能够更好地体现电影的内容和文化背景。
The Westward: The Kingdom of Shadow,西行纪之暗影魔城,"""The Westward: Shadow City"" tells the story that in order to control Tang Sanzang to seize the eternal fire, Moying, the lord of the Shadow City, used the ability of the magic city to satisfy all desires to lure Tang Sanzang's heart demon. In the end, Tang Sanzang overcame his inner demons and awakened again. He and his apprentices joined forces to defeat Moying, disintegrated the evil city that was the evil side, and embarked on the journey of saving the common people in the world again.",,"我选择了 ""Beyond the Horizon"" 来表示 ""西行"" 的意境，强调了唐三藏的西行之旅的远大目标和挑战。""City of Shadows"" 则保留了 ""暗影魔城"" 的暗示，暗指魔城的阴暗和诱惑。"
"Crouching Tiger, Hidden Dragon",卧虎藏龍,"Two warriors in pursuit of a stolen sword and a notorious fugitive are led to an impetuous, physically-skilled, teenage nobleman's daughter, who is at a crossroads in her life.",The Hidden Dragon's Daughter,"我将片名翻译为 ""The Hidden Dragon's Daughter""，以保留原片名中 ""卧虎"" 的隐秘、潜伏的含义，同时强调了女主角的身份和故事的中心人物。这种翻译方式既能体现原片名的文化意涵，又能在英文语境中流畅自然。"
The Grandmaster of Kung Fu,霍元甲之精武天下,"A hero of government affairs, protect the world!  At the end of Qing Dynasty. Japan, which is trying to seize Tianjin, where even great powers cannot easily enter, and further devour China, opens the Honghua Military Academy in Tianjin and suppresses the Tianjin Martial Arts Association. Huo Yuan Jia, an expert in the field, engages in a life-threatening battle with Kamesaburo Takeda, a Japanese military commander in order to prevent Japan's ambitions.",The Master of the Martial Arts World,"我选择了这个译名是因为它保留了原片名中的""精武""这一关键词，表明了电影的主题是关于武术和中国文化的。同时，""The Master of the Martial Arts World"" 的译名也能体现出电影的英雄人物霍元甲的高超武艺和对世界的保护之意。"
Summer Palace,颐和园,"Yu Hong leaves her home village and starts university in Beijing, where she develops a consuming and compulsive relationship with another student. The student riots from 1989 then ensue and take a toll on their lives.",Garden of Tranquility,"我选择了 ""Garden of Tranquility"" 来翻译 ""颐和园""，因为 ""颐和园"" 是一处著名的中国皇家园林，象征着和谐、宁静和美丽。这个译名不仅保留了原片名的文化意涵，还能在英文语境中自然流畅地表达出电影的主题和情调。"
Dragon,武俠,"A sinful martial arts expert wants to start a new tranquil life, only to be hunted by a determined detective and his former master.",The Way of the Blade,"我选择了这个译名是因为它保留了原片名中的""武俠""这一核心概念，强调了电影中的武术元素，同时也隐含了""blade""这一词语，暗示了电影中的战斗和追逐场景。这个译名在英文语境中听起来自然流畅，也能体现原片名的文化意涵。"
Guard The Pass of Han,汉时关,"At the end of the Eastern Han Dynasty, Liu Qi, the son of Zhongliang, guarded a crumbling pass in the middle of the desert and declared his place ""refuge"". Various forces gathered here to achieve a strange balance. One day, Geng Zhong, a general of the Han army, arrives and breaks the rules of the refuge, and from then on, Liu Qi is pushed by a series of events to make a series of choices about death, family, friendship, love, family and country.",,"我选择这个译名是因为片名""汉时关""中的""关""字暗示了一个中立的、平衡的空间，而""汉时""则指的是东汉时期。""The Oasis of Balance"" 这个译名捕捉到了片名中这种平衡的概念，并将其与一个宁静的、避风的空间联系起来，体现了片中人物的精神寻求和内心平衡。"
Fearless,霍元甲,"After going through a series of tragic events in his life, martial arts master Huo Yuanjia returns to Tianjin and must fight four international soldiers, in order to safeguard his nation's pride.",The Unyielding Fist of Huo,"我选择了这个译名是因为它保留了原片名中的""霍元甲""这个人物名称，同时也体现了他作为一名武术大师的坚韧不拔的精神。""The Unyielding Fist"" 这个短语强调了 Huo Yuanjia 的武艺和他的民族自豪感。"
House of Flying Daggers,十面埋伏,"In 9th century China, a corrupt government wages war against a rebel army called the Flying Daggers. A romantic warrior breaks a beautiful rebel out of prison to help her rejoin her fellows, but things are not what they seem.",Ambush from All Sides,"我选择了这个译名是因为它保留了原片名中的""十面""这一数字，暗示了战场的复杂性和危险性，同时也强调了伏击的多面性。这个译名在英文语境中自然流畅，并能体现原片名的文化意涵。"
The Magic Blade,天涯明月刀,"24 years ago, ""God of Sabre"" Yang Changfeng was double-crossed and murdered by someone close to him.",Moonlit Blade Across the Sea,"我将片名翻译为 ""Moonlit Blade Across the Sea""，以保留原片名的文化意涵和诗意气氛。""天涯明月刀"" 的 ""天涯"" 指的是远方或遥远的地方，结合 ""明月"" 的意象，表达了电影的背景和情节的广阔和深远。"
Rise of the Legend,黄飞鸿之英雄有梦,"In 1868 during the late Qing Dynasty, rampant corruption on the Imperial Court inflicts much suffering in people's lives. For years, the Black Tiger’s fearsome boss Lei Gong has been trying to get rid of the leader of the Northern Sea. One of his latest recruits is Fei, a fearless fighter who takes the Northern Sea leader’s head after a fierce fight. Just as Lei Gong believes he has total control of the port, a new gang called the Orphans rises in power. Led by Fei’s childhood friend Huo, the Orphans are out to eliminate all the criminal power from the port…",The Hero's Ambition,"我选择了 ""The Hero's Ambition"" 作为翻译，因为它保留了原片名中 ""英雄"" 的核心含义，同时将 ""有梦"" 转化为 ""Ambition""，强调了主人公的雄心和追求。这种翻译方式既自然流畅，又能体现原片名的文化意涵。"
Red Cliff,赤壁,"In 208 A.D., in the final days of the Han Dynasty, shrewd Prime Minster Cao convinced the fickle Emperor Han the only way to unite all of China was to declare war on the kingdoms of Xu in the west and East Wu in the south. Thus began a military campaign of unprecedented scale. Left with no other hope for survival, the kingdoms of Xu and East Wu formed an unlikely alliance.",,"我选择了 ""Battle of Red Cliffs"" 作为翻译，因为它保留了原片名中的 ""赤壁"" 这个关键词，暗示了电影的背景和主题，即著名的赤壁之战。同时， ""Battle of Red Cliffs"" 也能清晰地表达电影的内容，即一场规模宏大的战争。"
Red Cliff II,赤壁：決戰天下,"The battle of Red Cliff continues and the alliance between Xu and East Wu is fracturing.  With Cao Cao's massive forces on their doorstep, will the kingdoms of Xu and East Wu survive?",Red Cliff: The Last Stand,"我选择了 ""The Last Stand"" 来翻译 ""決戰天下""，因为它强调了这场战争的决胜之战和生死存亡的紧迫感。这个词也能体现出中国文化中对决战的重视和对胜利的渴望。"
The Flowers of War,金陵十三釵,"A Westerner finds refuge with a group of women in a church during Japan's rape of Nanking in 1937. Posing as a priest, he attempts to lead the women to safety.",The Silk Veil of Nanjing,"我选择了这个译名是因为它保留了原片名中的""金陵""（即南京的古称）和""十三釵""（暗指女性）的文化元素，同时将其转化为英文中更自然流畅的表达方式。""The Silk Veil"" 的用意是指女性的面纱或面具，象征着她们在危险中保护自己和他人的隐私和尊严。"
Strange Case in Western Hunan,湘西诡案,"People from Xiangxi have a deep love for their homeland and a tradition of returning to their roots, like fallen leaves. Coupled with the rugged local geography, this gave rise to the profession of ""corpse drivers."" Long Qiyi and his apprentice Long Ping'an are renowned corpse drivers in the local town. Twenty years ago, Long Qiyi encountered the most dreaded situation for a corpse driver - a dead-end path. Twenty years later, with the appearance of a headless corpse, a series of eerie events began to occur in the town, and surprisingly, these events were connected to what Long Qiyi experienced while driving corpses twenty years ago...",The Ghosts of Xiangxi,"我选择了这个译名是因为它保留了原片名中的地理位置和文化背景，同时也体现了电影的幽灵主题。""The Ghosts of Xiangxi"" 的表达方式更为自然流畅，能够让观众了解电影的核心元素。"
Jiang Ziya,姜子牙,"Atop the ruins of war, top commander Jiang Ziya is given the task to banish the Nine-tailed Fox Demon who threatens all mortals' very existence. When he discovers the Nine-tailed Fox's life linked to the soul of an innocent girl, he is faced with a challenging decision: follow the will of heaven or find his own path to righteousness.",The Oracle's Dilemma,"我选择了 ""The Oracle's Dilemma"" 作为翻译，因为它保留了原片名中的 ""姜子牙"" 这个角色（姜子牙在中国文化中被称为神谕者或先知）和 ""困境"" 的核心意涵。这个译名在英文语境中自然流畅，并能体现原片名中蕴含的中国文化元素。"
Journey to the West: Conquering the Demons,西游·降魔篇,"In a world plagued by demons who cause great human suffering, young demon hunter Tang Sanzang must fight against monstrous demons, as well as contend with a beautiful demon hunting woman on his path to enlightenment.",The Journey to Exorcise Demons,"我选择了这个译名是因为它保留了原片名中的""西游""这一关键词，表明了这部电影的背景和主题是基于中国古典小说《西游记》的灵感。同时，""降魔篇""被翻译为""Exorcise Demons""，强调了电影的核心内容是关于驱逐恶魔的故事。"
Ip Man: Kung Fu Master,宗师叶问,Ip Man’s promising career as a Policeman is ruined after he is framed for murder and targeted by a mob boss’s daughter.,The Grandmaster of Wing Chun,"我选择了这个译名是因为它保留了原片名中的""宗师""一词，强调了叶问的高级武术地位，同时结合了""叶问""的姓氏，形成了一个自然流畅的英文片名。这个译名也体现了原片名中蕴含的中国文化元素，特别是对武术和宗师的尊严态度。"
The Monkey King: Reborn,西游记之再世妖王,"When the irritable monkey king visits a temple together with his master Tang Monk, he feels offended because of a trifle and thereupon accidentally destroys a magic tree growing on the sacred ground. This brings an ancient demon king back to life, who promptly kidnaps Tang Monk to take revenge for his long imprisonment. The monkey king and his followers have only three days to not only save their master but also to prevent the demon king from regaining his full powers and destroying the world…",Monkey King's Reincarnation of Chaos,"我选择了 ""Monkey King's Reincarnation of Chaos"" 作为译名，因为它保留了原片名中的 ""Monkey King"" 这个关键元素，同时将 ""再世妖王"" 翻译为 ""Reincarnation of Chaos"" 来体现电影中妖王的复活和带来的混乱。这个译名在英文语境中既自然流畅，又能体现原片名的文化意涵。"
The Monkey King,西遊記之大鬧天宮,"Sun Wukong is a monkey born from a heavenly stone who acquires supernatural powers. After rebelling against heaven and being imprisoned under a mountain for 500 years, he later accompanies the monk Xuanzang on a journey to India. Thus, according to legend, Buddhism is brought to ancient China.",Monkey Mayhem in Heaven,我选择了这个译名是因为它保留了原片名中“大鬧天宮”的核心意涵，即孙悟空在天宫引起的混乱和动荡。同时，“Monkey Mayhem”这个短语在英文语境中听起来也很自然和生动，能够很好地传达出电影的内容和情节。
White Snake,白蛇：缘起,"One day a young woman named Blanca is saved by Xuan, a snake catcher from a nearby village. She has lost her memory, and together they go on a journey to discover her real identity, developing deeper feelings for one another along the way. But as they learn more about her past, they uncover a darker plot of supernatural forces vying for power, with the fate of the world hanging in the balance.",The Snake's Fated Encounter,"我选择了 ""The Snake's Fated Encounter"" 作为翻译，因为它保留了原片名中的 ""白蛇"" 这个关键元素，同时也体现了电影的爱情和命运主题。""缘起"" 这个词语在中文中意味着命运的相遇或邂逅，我尝试在英文中用 ""Fated Encounter"" 来表达这个意思。"
Huang Feihong: The Black Yamen,黄飞鸿之黑衙门,"In the late Qing dynasty, foreigners are up to no good and the Qing government is weakening day by day. Under the cover of Eunuch Cao, the Guangzhou government colludes with gangs and foreigners, betrays the country to seek glory, and makes dirty money. When the humanitarian Huang Feihong learns about this, he petitions for the people and makes a scene at the government office. After a desperate struggle, he finally expels the foreign forces and eliminates the gangsters, punishing evil and promoting good, and protecting the family and the country!.",The Black Court of Shame,"我将片名翻译为""The Black Court of Shame""，因为 ""黑衙门"" 的 ""黑"" 不仅指黑色，也指黑暗、腐败和耻辱。""衙门"" 指的是官府或政府机构。因此，我结合了这两个词的文化意涵，翻译为 ""The Black Court of Shame""，强调了片中官府的腐败和耻辱。"
Immortal Demon Slayer,悟空傳,"A giant rebelled against the heavens. It was declared a devil and defeated. The immortal heart evolved into Sun Wukong. The heavens found him, and ravaged his home. He enters the heavenly kingdom, disguised as a human, seeking retribution.",Monkey's Reckoning,"我选择了 ""Monkey's Reckoning"" 作为翻译，因为它保留了原片名中的 ""悟空""（即孙悟空）这一关键元素，同时也体现了电影的主题，即孙悟空对天界的复仇。""Reckoning"" 这个词不仅意味着复仇，也暗示了孙悟空的觉醒和反抗，这与原片名的语气和文化背景相符。"
True Legend,苏乞儿,"Su Qi-Er, a wealthy man living during the Qing Dynasty who loses his fortune and reputation as a result of a conspiracy against him. After being forced out onto the streets, Su dedicates his life to martial arts and reemerges as a patriotic hero known as the ""King of Beggars.""",The Beggars' King,"我选择了这个译名是因为它保留了原片名中的""乞儿""这一关键词，强调了主角苏乞儿的身份和经历，同时也突出了他在社会中的地位和影响力。这个译名在英文语境中听起来自然流畅，并能体现原片名中蕴含的中国文化元素。"
Monkey King: Hero Is Back,西游记之大圣归来,"The all-powerful Monkey King once roamed freely between Heaven and Earth, but after angering the Gods, he was imprisoned within an ice cage deep within the mountains. 500 years later, monsters attack a small village and a child flees to the mountains. Unknowingly, the child releases the Monkey King from his curse. With the help and encouragement from this special child, Monkey King saves the village from the evil monsters.",The Monkey King's Return to Glory,"我选择了 ""The Monkey King's Return to Glory"" 作为译名，因为它保留了原片名中的 ""大圣"" 这个称呼，强调了孙悟空的重要性，同时也体现了他从被囚禁到重返自由的故事线。这个译名在英文语境中自然流畅，并能体现原片名中蕴含的中国文化元素。"
"The Pig, the Snake and the Pigeon",周處除三害,"The arrogant, third most-wanted criminal in Taiwan, decides to get rid of the top two competitors and crowns himself the most-wanted criminal before dying.",The King of Crime,"我选择了这个译名是因为它保留了原片名中""周處""的名字，暗示了主角的身份和地位，同时也体现了他对自己地位的自我宣称。这个译名在英文语境中听起来自然流畅，也能体现原片名中蕴含的中国文化元素。"
The Great Dream of Liaozhai,大梦聊斋,"The film is adapted from the story of the second volume of ""Strange Tales from a Lonely Studio"" and ""Ying Ning"", which presents a stylish expression of the classic ghost legend. It tells the story of the demon-busting magician Prince Hsu (Huang Youtian) and Tang Wen (Li Xinze) who are entrusted with the task of creating a ""Demon Suppressing Divine Weapon"". In the process of tracking down the whereabouts of Gan Tie hammer, Prince Fu and Tang Wen discover Ying Ning's secret and start a fantasy love affair.......",Midnight Dream of the Lute,"我选择了 ""Midnight Dream"" 来表示片名中的 ""大梦""，强调了电影的梦幻和奇幻元素。""聊斋"" 的 ""斋"" 指的是古代中国的书斋或琴斋，结合 ""Lute"" 这个词来表示片名中的音乐和文化元素。"
The Yin-Yang Master: Dream of Eternity,晴雅集,"Every few hundred years, the most powerful demon on earth—a snake demon—awakens, and the Yin-Yang Masters are summoned to the capital. Meanwhile, the Princess of the realm has her own plans, as she conspires to claim the demon’s power.",The Harmony of Light and Darkness,"我选择了这个译名是因为它保留了原片名中的""晴""和""雅""两个字的和谐之意，同时也体现了阴阳学说的文化背景。""晴""代表阳光和光明,""雅""代表阴影和和谐，这两个字的结合反映了电影中阴阳师和阴阳学说的主题。"
Black Dog,狗阵,"On the edge of the Gobi desert in Northwest China, Lang returns to his hometown after being released from jail. While working for the local dog patrol team to clear the town of stray dogs before the Olympic Games, he strikes up an unlikely connection with a black dog. These two lonely souls embark on a journey together.",The Lone Pack,"我选择了 ""The Lone Pack"" 作为翻译，因为它保留了原片名 ""狗阵"" 中的 ""阵"" 这个字的意涵，暗示了狗群的孤独和团结。同时， ""The Lone Pack"" 也能在英文语境中自然流畅地表达电影的主题，即两个孤独个体之间的不期而遇和相互依存。"
GATAO: Big Brothers,角頭－鬥陣欸,"Michael and his right-hand man Scorpion, who find themselves embroiled in their father Ko's turf war against rival gangs in Taipei, setting off a conflict between old and new generations of gangsters. The film is the latest installment in the Gatao franchise, following the narrative of a young successor trying to expand his power while navigating the volatile underworld.",Street Kings of Taipei,"我选择了这个译名是因为它保留了原片名中的""角頭""（gangster）和""鬥陣""（斗争）的核心意涵，同时将其置于一个更具描述性的背景中，突出了电影的背景和主题。""Street Kings"" 这个短语在英文中有一个强烈的街头霸王的意味，能够很好地传达出电影中角逐权力的场景。"
Hero,英雄,"During China's Warring States period, a district prefect arrives at the palace of Qin Shi Huang, claiming to have killed the three assassins who had made an attempt on the king's life three years ago.",The Rightful King,"我选择这个译名是因为片名""英雄""在中文语境中可能指代的是一个有权威和正当性的君主，而不是简单的指称一个英雄人物。因此，我将其翻译为""The Rightful King""，强调了片中主人公的身份和地位。"
周处除三嗨,周处除三嗨,,N/A,ERROR: Skipping query for missing Overview data.
Dongji Rescue,东极岛,"During WWII, in the waters near Zhoushan, China, a Japanese freighter carrying British POWs was sunk, leaving thousands trapped inside by the Japanese military. In this desperate situation, a group of fishermen from Dongji Island step forward without hesitation. Driven by their innate kindness, courage, and unyielding spirit, they brave the stormy seas to open a path of survival for the stranded prisoners.",Island of Hope,"我选择了 ""Island of Hope"" 作为翻译，因为它保留了原片名 ""东极岛"" 中的岛屿元素，同时也体现了电影中岛民的希望和救援精神。这种翻译方式既自然流畅，又能在英文语境中传达出原片名的文化意涵。"
A Tale of Three Cities,三城记,"A former spy in the Chinese Nationalist Party falls for an opium-dealing widow, as China is ravaged by war and revolution.",The Three Cities Chronicle,"我选择了这个译名是因为它保留了原片名中的""三城""这一关键词，体现了电影中中国的三大城市（通常指北京、上海和南京）在故事中的重要地位。同时，添加了""Chronicle""这个词，强调了电影的叙事性质和历史背景。"
Wushu,武术之少年行,A group of Wushu students stumble into a child kidnapping ring run by an alumnus.,Kung Fu Odyssey,"我选择了 ""Kung Fu Odyssey"" 来翻译 ""武术之少年行""，因为 ""Odyssey"" 这个词不仅仅指的是一段旅程，还包含了探索、冒险和成长的意味，这与电影中 Wushu 学生们遇到的危机和成长的主题相吻合。同时， ""Kung Fu"" 这个词能够直接传达电影的主题和中国文化元素。"
Still Life,三峡好人,"A town in Fengjie county is gradually being demolished and flooded to make way for the Three Gorges Dam. A man and woman visit the town to locate their estranged spouses, and become witness to the societal changes.",A Good Person of the Three Gorges,"我选择了这个译名是因为它保留了原片名中的""三峡""这一关键元素，同时将""好人""理解为一种对社会变革的见证者或参与者，这样既体现了原片名的文化意涵，又在英文语境中自然流畅。"
The Chinese Widow,烽火芳菲,"It’s 1941 and the Japanese attack on Pearl Harbor has destroyed America’s morale. The US President Franklin D. Roosevelt then decides to risk it all by bombing Tokyo and raise more hope for his citizens. After completing its mission, a unit of the US Air Force is forced to make an emergency landing in China. Its commander Jack Turner (Emilie Hirsch) barely survives but gets rescued by Ying (Crystal Liu), a local widow who will stop at nothing to hide him from the Japanese occupant.",Flames of the Phoenix,"我选择了这个译名是因为它保留了原片名中的""烽火""这一元素，表示战争和烈焰的意象，同时也隐含了中国文化中的""凤凰涅槃""的象征意义，表达了战争的重生和希望。"
New Gods: Nezha Reborn,新神榜：哪吒重生,"While living as an ordinary deliveryman and motor racing fan, Nezha encounters old nemeses and must rediscover his powers to protect his loved ones.",Rebirth of the God of War,"我选择了 ""Rebirth of the God of War"" 作为翻译，因为它保留了原片名中 ""哪吒重生"" 的核心意涵，即哪吒的重生和复活。同时，这个译名也能体现出神话元素和动作冒险的基调。"
The Promise,无极,"An orphaned girl, driven by poverty at such a young age, makes a promise with an enchantress. In return for beauty and the admiration of every man, she will never be with the man she loves. This spell cannot be broken unless the impossible happens: snow falling in spring and the dead coming back to life. Now a grown and beautiful princess, she regrets her promise, for all of the men she's loved has always been met with tragedy.",Eternal Silence,"我选择了""Eternal Silence""作为翻译，因为它保留了原片名""无极""的空虚和寂静的感觉，同时也体现了电影中女主角的痛苦和绝望。""无极""这个词在中文中意味着没有极限或边界，但在英文中，我选择了""Silence""来表示一种无法打破的沉默和孤独。"
A Year in the Clouds,司馬庫斯,"High in the mountains of Taiwan, is the remote village of Smangus. Inhabited by a unique group of indigenous people called the Tayal, Smangus is the only place in Taiwan that now practices common ownership of land and property. This is a place where nature and man have found balance. Now, witness every part of the lives of these people, through pain and joy, and experience the unique bonds formed with the ancient trees around them, in a film that documents A Year In The Clouds - a year amongst the sacred forests of this tribe.",The Guardians of the Clouds,"我选择了这个译名是因为它保留了原片名中的""Clouds""（云）元素，体现了电影中台湾山区的自然环境和天气特征。同时，""The Guardians""（守护者）一词强调了电影中描绘的台湾原住民对自然的深厚感情和保护精神。"
Master Of The Shadowless Kick: Wong Kei-Ying,擎天無影腳黃麒英,A quiet physician from southern China masters martial arts to protect his son and stop a corrupt governor.,The Unseen Shadow of the Golden Qilin,"我将片名中的""擎天無影""翻译为""The Unseen Shadow""，强调了影子在暗处观察和保护的意涵。""黃麒英""则被翻译为""Golden Qilin""，Qilin 是中国传统文化中的祥瑞动物，黄色代表光明和正义，因此结合了片名中保护和正义的主题。"
Monster Hunt,捉妖记,Young monster kids try to make peace between the world of humans and the world of the monsters.,Monster Catcher's Journal,"我选择了 ""Monster Catcher"" 来表示捉妖的概念，强调了电影中人类和妖怪之间的和解。""Journal"" 这个词语体现了孩子们的日记或记录，暗示了他们的冒险和成长过程。"
Sparkling Red Star,闪闪的红星 孩子的天空,"An animated remake of the 1974 children's movie ""Shan shan de hong xing""",,"我选择了 ""Twinkling Star"" 来翻译 ""闪闪的红星""，因为它保留了原片名中闪亮的光芒和星星的形象，更加自然和生动。同时， ""Childhood Sky"" 来翻译 ""孩子的天空""，它强调了电影的主题是关于孩子的天空和梦想，更加贴切和诗意。"
Wonderful! Liang Xi Mei,旺得福梁细妹,"Liang Xi Mei (Jack Neo) is finally back! Having retired, Liang Xi Mei spends her time looking after her two obedient grandsons. However, Liang Xi Mei still leads a colorful life thanks to her absent-minded BFF Guang Dong Po (Wang Lei), who frequently muddles things up, leaving Liang Xi Mei to resolve the mess; and Lion King (Henry Thia) who is now diagnosed with mild Alzheimer’s, causing confusion and frustrations for everyone. Robert (Mark Lee), Liang Xi Mei’s eldest son also adds to her woes. Robert is a dreamer who often schemes to get rich quick. This causes Liang Xi Mei to find him unreliable and puts all her hopes on her youngest son Albert (Benjamin Josiah Tan). Her favoritism stirs up jealousy within Robert, who vows to strike it rich to win back Liang Xi Mei’s approval.",福气满满的梁细妹,我选择保留原片名中的“旺得福”（福气）一词，因为它在中文中有着丰富的文化含义，代表着好运和幸运。同时，我将“梁细妹”直接翻译为“梁细妹”，以保持原片名的文化特征和个人名称的完整性。
Saturday Fiction,兰心大剧院,"Iconic actress Jean Yu returns to Japanese-occupied China to star in a play directed by her former lover. However, her undercover work for the Allies soon places her life in grave danger.",The Heart of the Opera House,"我选择了这个译名是因为它保留了原片名中的""兰心""这一意象，暗指主角Jean Yu的演艺背景和情感深度，同时将""大剧院""转化为""Opera House""，以体现其作为戏剧场景的文化意涵。"
The Sacrifice,金刚川,"In 1953 the Korean War is entering the final stage. The People's Volunteer Army of China has launched its last major battle in Kumsong. In order to arrive on time and deliver enough ammo to the Kumsong front line, the soldiers have to defend themselves against the never ending bombardments of enemy bombers and race against time to repair the last bridge, all while facing supply shortages and with inferior equipment.",Golden River,"我选择了 ""Golden River"" 作为翻译，因为 ""金刚川"" 这个片名结合了中国文化中的 ""金刚"" 这个象征力量和勇气的元素，以及 ""川"" 这个表示河流的字，暗示着河流的重要性和战场的背景。""Golden River"" 这个译名既能体现原片名的文化意涵，又能在英文语境中流畅自然。"
The Traveller,异人之下,"Zhang Chulan, who has been hiding his identity as an Inhuman, is caught up in the vortex of fighting between different Inhuman sects since he meets Feng Baobao, who has a mysterious background. As the secret that Zhang Chulan is the heir to the mysterious technique ""Air Body Source Stream"" is made public, the Inhuman world has started a fierce battle around him, with forces such as Nadutong, Quanxie Sect, Tianyi Sect, and so on appearing one by one and the battle is about to break out, but at this time, Zhang Chulan accidentally unveils the secret of the year....",Beyond the Human Realm,"我选择了这个译名是因为它保留了原片名中的""异人""这一关键词，强调了片中主角的超自然身份，同时也体现了片名中蕴含的中国文化元素。""Beyond the Human Realm"" 这个译名在英文语境中自然流畅，能够让观众了解片中主角的身份和世界观。"
Mulan Angels 2: Treasure Map,木兰特工之藏宝图,"There is Mulan Secret Service Organization and they’re Mulan second-generation female agents - Wei Xiaohua (played by Li Xianglin) and Mu Yi (played by Qiu Zixin) And He Zhaoyang (Zhu Hong) to carry out the task of fighting for the treasure map of burying nuclear waste and rare earths. He Zhaoyang tempted the pirate leader Dawton, who was holding a treasure map with her beauty, but almost fell into the trap set by Dawton and Mrs. J, the highest commander of the European Division of the Red Corpse Group. Fortunately, Wei Xiaohua was rescued in time, and with the help of the only surviving agent of the first generation, the only surviving agent of the first generation, Park Enxi",The Map of Hidden Treasures,我选择了这个译名是因为它保留了原片名中的“藏宝图”这一关键元素，同时将其与“木兰特工”这一组织名称结合起来，体现了电影的主题和背景。这个译名在英文语境中自然流畅，能够让观众了解电影的内容和情节。
Youth,芳华,"A group of performing art troupe members each face their own trials and tribulations in Chengdu; from escaping a family scandal to dealing with unrequited love, each experiences rejection that shapes their lives.",Youthful Years,"我选择了这个译名是因为它保留了原片名中的""芳华""这个词的文化意涵，指的是年轻人的青春期和成长过程。同时，它也简洁明了，能够在英文语境中自然流畅地表达出电影的主题。"
Return to Lanruo Temple,兰若行者,"Soon after exorcist Yan Chixia (from ""Chinese Ghost Story"") retired, the Black Mountain monsters disturbed the surrounding area one more time, and experts from Kunlun sect could not even handle it. The messenger in the village trusted by Yan Chixia informed of the appearance of the dead soul flower and the strange apparitions around the village, and asked Yan Chixia for help. Yan Chixia did not follow the little monster's advice and decided to go out and investigate.",The Wanderer of the Lotus Mountain,"我选择了这个译名是因为它保留了原片名中的""兰若""（即兰花和若隐若现的意象），并结合了""行者""的概念，形成了一个完整的、富有中国文化意味的英文片名。这个译名不仅自然流畅，还能体现原片名中蕴含的佛教和中国文化元素。"
160 Years Old,雨打芭蕉,"A father who cannot cure his own stubborn illness, a professor mother who struggles with existential questions, a son who is confused and precocious, a giant tortoise that suddenly leaves, and a sentimental grandfather who passed away. The uncle cannot finish reading THE OLD MAN AND THE SEA. The aunt won't get married. The grandfather is his own daughter's enemy. The uncle does not want to return from the Philippines. And an unborn child. Summer goes, and autumn comes. Things remain, but people change.",Rainy Days and Bamboo,"我选择了这种翻译方式是因为它保留了原片名中的""雨打""这一元素，表达了电影中夏末秋初的季节背景，同时将""芭蕉""转化为""Bamboo""，这不仅是对植物的称呼，也隐含了中国文化中对竹子的象征意义，如耐久、坚韧等。这种翻译方式既自然流畅，又能体现原片名的文化意涵。"
The Iron Coffin of Western Xia,洗冤录之西夏铁棺,"The King of Western Xia has a precious garment called ""Bi Lu"", which is said to be able to help mortals to ascend to immortality. The emperor is furious and orders Song Ci to find out the truth, whether it is the Western Xia that has the intention to rebel or whether it is really the treasure clothes that hook the soul.",The Iron Coffin of the Western Xia,"我选择了这个译名是因为它保留了原片名中的""西夏""这一关键元素，表明了电影的背景和故事的发生地。同时，""铁棺""这个词语在中文中有着强烈的暗示和象征意义，暗示着死亡、绝望和不朽，这在英文语境中也能被理解和体现。"
White Snake: Afloat,白蛇：浮生,"Xiaobai finally found Xu Xian, the reincarnation of Axuan, after 500 years, the two met on the Broken Bridge. Xiaobai and sister hid in the streets and alleys, started a lively life in human world with him and his brother-in-law Li Gongfu.",The White Snake's Ephemeral Life,"我选择了 ""Ephemeral Life"" 来翻译 ""浮生""，因为 ""浮生"" 这个词语在中文中常常用来描述人生短暂而易逝的性质，而 ""Ephemeral"" 在英文中同样意味着短暂、易逝。这样一来，片名就能体现出白蛇的故事中人生短暂的主题。"
The Fatality,絕魂印,"Somehow, a mentally disturbed 30-year-old man from Taipei finds himself waking up out of a coma in a hospital in a small coastal town in Thailand.  A woman is at his bedside, calling him Assanee. But that's not his name. His name is Her Sue Yong. And besides, he can't speak Thai. He leaps from his bed and runs, and the nurses give chase.  In Taiwan, he was a bedraggled, long-haired scavenger. He had a disfigured face. But in Thailand, the skin on his face is smooth and his hair is short. He's a clean-cut young man with a beautiful wife. And he has a job as a civil servant in a government office. His inability to speak Thai is no problem at work. Heck, there's even a deaf-mute on the staff. All Assanee has to do is wait for people to hand him forms, and he stamps them. Seems easy enough.",The Mark of Madness,我选择了这个译名是因为它保留了原片名中的关键词“絕魂”，并将其与“印”联系起来，暗示了主角的身份和精神状态的变化。同时，“The Mark of Madness”也能体现出电影的主题，即主角的精神病和身份的扭曲。
The Myth,神話,"When a fellow scientist asks for Jack's help in locating the mausoleum of China's first emperor, the past collides violently with the present as Jack discovers his amazing visions are based in fact.",Myth of the Ancients,"我选择了 ""Myth of the Ancients"" 来翻译 ""神話""，因为这名字既能体现原片名的文化意涵，也能在英文语境中流畅自然。""Myth"" 这个词不仅指代神话故事，也暗示着古代的神秘和神奇，很适合描述这部电影的主题。"
Free as Love,浮生若夢,"Little Three was originally a cheerful and full of sense of the girl, since cousin Xiaoying  to save her into the sea after they began to banish themselves, but also redefine the weight of the feelings. Xiao Tai. As a matter of skill, a police academy was arranged to the undercover society, in her kind heart, there has always been the right and wrong contradictions and struggles. Fight, in her lost world, became her only emotional outlet.",Life Like a Dream,我选择了这个译名是因为它保留了原片名的核心意涵，即人生如同梦境一样短暂和易变。同时，这个译名也能体现出电影中女主角的内心世界和情感的波动。
Taishan Kung Fu,泰山功夫,"Liu Wenhu, the owner of the Liu's Martial Arts Hall in Mount Tai, sets up competitions every year with big money as bait. For several years in a row, he defeated the martial arts masters who came to challenge. So he dominated the country, ran rampant in the village, oppressed the people, and seized the people's daughters. Shi Xiaoyi, the successor of Taishan Stone Art, saw it in his eyes and was angry in his heart.",The Mountain's Fury,"我选择了 ""The Mountain's Fury"" 作为翻译，因为它保留了原片名中的 ""泰山"" 这个关键词，强调了电影的背景和主题，同时 ""Fury"" 的字眼也体现了电影中主角的愤怒和反抗的情绪。"
The Ghost Story: Lin Suk,聊齋艷譚：连锁,"In the latest version of ""Liao Zhai: Lian Suo"" released in 2014, the scholar Yang Ziwei met Lian Suo at a cemetery. The two did not do that, but wrote poems and painted every night. His friend Xue Sheng learned that Yang Ziwei had a woman with him every night, so he brought his friends to visit Yang's house, which frightened Lian Suo so much that she dared not show up. Yang asked Lian Suo for forgiveness. Later, Lian Suo cried and complained that an evil ghost wanted to force her to be a concubine. Yang fought the evil ghost with a sword in her dream. At the critical moment, she and a warrior named Wang shot the evil ghost to death. Yang and Lian Suo were together every day. One day, Lian told Yang that because she had been eating cooked food and receiving human breath for a long time after she died, her bones had become alive and she had the conditions for resurrection, but she had to have sex with Yang. However, Yang would definitely get a serious illness.",The Lian Suo Legacy,"我选择了 ""The Lian Suo Legacy"" 作为译名，因为它保留了原片名中的 ""Lian Suo"" 这个关键词，同时也强调了这部电影的主题，即连锁的故事和遗产。""Legacy"" 这个词也暗示了电影中 Lian Suo 的复活和她的故事的延续。"
The Warlords,投名狀,The civil war in China has ruined many lives including General Pang's. A wounded General Pang is saved by a beautiful young woman along with two other men. Together they vow to eradicate the rebels.,"""The Mark of a Hero""","我选择了这个译名是因为它保留了原片名中的""投名狀""这个词的核心意思，即""标志""或""记号""，同时也体现了电影中主人公的英雄主义精神。这个译名在英文语境中听起来自然流畅，也能让观众了解电影的主题和情节。"
Reign of Assassins,剑雨,"Set in ancient China, Zeng Jing is a skilled assassin who finds herself in possession of a mystical Buddhist monk's remains. She begins a quest to return the remains to its rightful resting place, and thus places herself in mortal danger because a team of assassins is in a deadly pursuit to possess the remains which holds an ancient power-wielding secret.",Rain of Swords,"我选择了这个译名是因为它保留了原片名中的""剑雨""的核心意念，即雨和剑的结合，暗示了电影中的暴力和危险。同时，""Rain of Swords"" 的表达方式也更加自然流畅，在英文语境中更容易让人理解电影的内容。"
Ma Yongzhen: Duel in Zhabei,马永贞之闸北决,"This film tells the story of Ma Yongzhen, who was born in a family of martial arts in the early years of the Republic of China. In order to help the people of Shanghai's Zhabei district, Teacher Ma ventured into danger alone, relying on his martial arts and a fiery patriotic heart to fight the Five Lakes Gang and the French martial artists.",The Zhabei Hero,"我选择了 ""The Zhabei Hero"" 作为翻译，因为它保留了原片名中的 ""闸北"" 这个地名，表明了电影的背景和故事的发生地，同时也强调了主角马永贞的英雄行为。"
Nine Colors Deer King,九色鹿王·前尘,"Huanyi Village had a strange disease rampant. Under the guidance of Elder Xi, the mountain guardian Changsheng searched for medicinal herbs for the villagers, but this was inefficient and dangerous, so Changsheng decided to find the legendary Nine-color Deer King to save the village; In the middle of the story, the demon queen strayed to control the palace and sought the trace of the nine-colored deer king in order to practice sorcery",The Nine-Colored Deer's Forgotten Past,"我选择了这个译名是因为它保留了原片名中关于九色鹿王的核心元素，同时也隐含了""前尘""的意思，表明了故事的背景和情节的发展方向。这个译名在英文语境中也比较自然流畅，能够让观众快速理解电影的内容和主题。"
Iron Kung Fu Fist,广东十虎：铁拳无敌,"Liang Kun has been practicing Shaolin kung fu for years. To protect his beloved, he vows not to interfere with matters of the martial arts world. But then, the person he loves the most dies tragically as a result. Finally grasping the true meaning of the martial arts world, Liang Kun decides to fight various groups of bandits in order to avenge his beloved.",The Iron Fist of Guangdong,"我选择了这个译名是因为它保留了原片名中的""广东""这一地名元素，表明了电影的背景和故事的发生地，同时也强调了""铁拳""这一符号的重要性，突出了电影的主题和情节。这个译名在英文语境中自然流畅，并能体现原片名的文化意涵。"
